[
    {
        "Product Name": "Orient Electric Areva Portable Room Heater | 2000W | Two Heating Modes | Advanced Overheat Protection | Horizontal & Vertical Mount | 1-year replacement warranty by Orient | White",
        "Product Price": "₹1,499.00",
        "Category Name": "Kitchen",
        "Available Images": "https://images-eu.ssl-images-amazon.com/images/I/71QfC+NELFL._AC_UL600_SR600,400_.jpg"
    },
    {
        "Product Name": "Orpat OEH-1220 2000-Watt Fan Heater (White)",
        "Product Price": "₹1,249.00",
        "Category Name": "Kitchen",
        "Available Images": "https://images-eu.ssl-images-amazon.com/images/I/81Pm1MEvURL._AC_UL600_SR600,400_.jpg"
    },
    {
        "Product Name": "Amazon Brand - Presto! Garbage Bags Medium 180 Count|19 x 21 inches Black , For Dry & Wet waste|30 bags/roll (Pack of 6)",
        "Product Price": "₹326.00",
        "Category Name": "Kitchen",
        "Available Images": "https://images-eu.ssl-images-amazon.com/images/I/71IB+2LNNBL._AC_UL600_SR600,400_.jpg"
    },
    {
        "Product Name": "One94Store 3D Deer Crystal Globe Lamp Creative Engraved Crystal Ball Night Light USB Table LED Wooden Crystal Ball for Home Office Decoration Birthday Gift Adults (Deer 6cm)(Warm White)",
        "Product Price": "₹299.00",
        "Category Name": "Kitchen",
        "Available Images": "https://images-eu.ssl-images-amazon.com/images/I/61vihvwHdBL._AC_UL600_SR600,400_.jpg"
    },
    {
        "Product Name": "ATOM Digital Kitchen Food Weighing Scale For Healthy Living, Home Baking, Cooking, Fitness & Balanced Diet. | 1 Year Warranty | 10Kg x 1gms with 2 Batteries Included, SF400/A121, Color May vary",
        "Product Price": "₹199.00",
        "Category Name": "Kitchen",
        "Available Images": "https://images-eu.ssl-images-amazon.com/images/I/51Jp1JZdU-L._AC_UL600_SR600,400_.jpg"
    },
    {
        "Product Name": "Ezee Black Garbage Bags for Dustbin | 90 Pcs | Medium 19 X 21 Inches | 30 Pcs x Pack of 3",
        "Product Price": "₹159.00",
        "Category Name": "Kitchen",
        "Available Images": "https://images-eu.ssl-images-amazon.com/images/I/71erHCKJ3WL._AC_UL600_SR600,400_.jpg"
    },
    {
        "Product Name": "AGARO Elite Lint Remover With Power Cord for Woollen Sweaters, Blankets, Jackets/Burr Remover Pill Remover from Carpets, Curtains",
        "Product Price": "₹379.00",
        "Category Name": "Kitchen",
        "Available Images": "https://images-eu.ssl-images-amazon.com/images/I/712Rc9YYmCL._AC_UL600_SR600,400_.jpg"
    },
    {
        "Product Name": "Amazon Brand - Solimo 2000/1000 Watts Room Heater with Adjustable Thermostat (ISI certified, White colour, Ideal for small to medium room/area)",
        "Product Price": "₹999.00",
        "Category Name": "Kitchen",
        "Available Images": "https://images-eu.ssl-images-amazon.com/images/I/410ZRlkc6AL._AC_UL600_SR600,400_.jpg"
    },
    {
        "Product Name": "Pigeon by Stovekraft Amaze Plus Electric Kettle (14289) with Stainless Steel Body, 1.5 litre, used for boiling Water, making tea and coffee, instant noodles, soup etc. (Silver)",
        "Product Price": "₹599.00",
        "Category Name": "Kitchen",
        "Available Images": "https://images-eu.ssl-images-amazon.com/images/I/51DGcy8eBCL._AC_UL600_SR600,400_.jpg"
    },
    {
        "Product Name": "Zulaxy Photo Frame Hooks for Wall Without Drilling, 10 Pack Self Adhesive Hooks for Wall Heavy Duty Strong Nail Free for Hanging Photo Frame (Hanging Hook, Transparent) Stainless Steel",
        "Product Price": "₹274.00",
        "Category Name": "Kitchen",
        "Available Images": "https://images-eu.ssl-images-amazon.com/images/I/61uaI9IfRUL._AC_UL600_SR600,400_.jpg"
    },
    {
        "Product Name": "MILTON Aura 1000 Thermosteel Bottle, 1050 ml Water Bottles, 24 Hours Hot and Cold, Easy to Carry, Easy Grip, Rust Proof, Tea, Coffee, Office, Travel Bottle, Black",
        "Product Price": "₹932.00",
        "Category Name": "Kitchen",
        "Available Images": "https://images-eu.ssl-images-amazon.com/images/I/51-NKrTs99L._AC_UL600_SR600,400_.jpg"
    },
    {
        "Product Name": "Milton Thermosteel Flip Lid Flask, 1000 milliliters, Silver",
        "Product Price": "₹964.00",
        "Category Name": "Kitchen",
        "Available Images": "https://images-eu.ssl-images-amazon.com/images/I/81jAcDybJPL._AC_UL600_SR600,400_.jpg"
    },
    {
        "Product Name": "HomeStrap Set Of 6 Non-Woven Printed Saree Cover/Cloth Storage/Wardrobe Organizer For Clothes With Transparent Window(Grey)(Shark Tank Featured),45 Cm,22 Cm",
        "Product Price": "₹349.00",
        "Category Name": "Kitchen",
        "Available Images": "https://images-eu.ssl-images-amazon.com/images/I/71zjvUApaRL._AC_UL600_SR600,400_.jpg"
    },
    {
        "Product Name": "Indian Karigar Santa Cap Plush Fur Christmas Cap Unisex Santa Hat for Adult & Kids Comfortable Soft Free Size Santa Clause Hat Cap Christmas Decorations Items Christmas Decor Santa Caps Set of 1 Red",
        "Product Price": "₹179.00",
        "Category Name": "Kitchen",
        "Available Images": "https://images-eu.ssl-images-amazon.com/images/I/61w+c4AblWL._AC_UL600_SR600,400_.jpg"
    },
    {
        "Product Name": "Wakefit 100% Waterproof Premium Cotton Mattress Protector | Breathable and Hypoallergenic Ultra Soft Fitted Bed Protector 78\"x72\" - King, Grey",
        "Product Price": "₹1,048.00",
        "Category Name": "Kitchen",
        "Available Images": "https://images-eu.ssl-images-amazon.com/images/I/61sRf7oDELL._AC_UL600_SR600,400_.jpg"
    },
    {
        "Product Name": "Amazon Brand - Presto! Garbage Bags Large 90 Count|24 x 32 Inches Black , For Dry & Wet waste|15 bags/roll (Pack of 6)",
        "Product Price": "₹325.00",
        "Category Name": "Kitchen",
        "Available Images": "https://images-eu.ssl-images-amazon.com/images/I/71TZMvymzgL._AC_UL600_SR600,400_.jpg"
    },
    {
        "Product Name": "Misamo Enterprise PVC Wall Hooks, Pack of 15, Transparent",
        "Product Price": "₹189.00",
        "Category Name": "Kitchen",
        "Available Images": "https://images-eu.ssl-images-amazon.com/images/I/61ihAmUosAL._AC_UL600_SR600,400_.jpg"
    },
    {
        "Product Name": "The Purple Tree Christmas Reindeer LED Curtain Lights -2.5 M (Pack of 1) Warm White, Lights for Christmas, Christmas Lights, Led Curtain Light, Festive Light,",
        "Product Price": "₹549.00",
        "Category Name": "Kitchen",
        "Available Images": "https://images-eu.ssl-images-amazon.com/images/I/51M+quNX+tL._AC_UL600_SR600,400_.jpg"
    },
    {
        "Product Name": "ALOXE Cosmetic Organizer Box Drawers Storage Plastic Stationary Box | Make Up Organiser For Women",
        "Product Price": "₹198.00",
        "Category Name": "Kitchen",
        "Available Images": "https://images-eu.ssl-images-amazon.com/images/I/71a0mwTxooL._AC_UL600_SR600,400_.jpg"
    },
    {
        "Product Name": "GO WELL Nova Lint Remover, Fabric Brush, Rechargeable, for Woolen Sweaters, Clothes, Shirts, Jackets, Burr Remover, Pill Remover from Carpets, Curtains.",
        "Product Price": "₹399.00",
        "Category Name": "Kitchen",
        "Available Images": "https://images-eu.ssl-images-amazon.com/images/I/51RSusB+ZRL._AC_UL600_SR600,400_.jpg"
    },
    {
        "Product Name": "Bajaj Immersion 1500 Watts Water Heater Rod | Nickel Plated Heating| Copper | ISI Certified | 2 Years Warranty | Silver",
        "Product Price": "₹599.00",
        "Category Name": "Kitchen",
        "Available Images": "https://images-eu.ssl-images-amazon.com/images/I/51LHdd3h33L._AC_UL600_SR600,400_.jpg"
    },
    {
        "Product Name": "Shalimar Premium Garbage Bags (Lavender Fragrance) Size 19 X 21 Inches (Medium) 120 Bags (4 Rolls) Dustbin Bag/Trash Bag - Black Color",
        "Product Price": "₹299.00",
        "Category Name": "Kitchen",
        "Available Images": "https://images-eu.ssl-images-amazon.com/images/I/71lXH8K7D9L._AC_UL600_SR600,400_.jpg"
    },
    {
        "Product Name": "Milton Euroline Go Electro 2.0 Stainless Steel Electric Kettle, 1 Piece, 2 Litre, Silver, Power Indicator, 1500 Watts, Auto Cut-off, Detachable 360 Degree Connector, Boiler for Water, Instant Noodles",
        "Product Price": "₹799.00",
        "Category Name": "Kitchen",
        "Available Images": "https://images-eu.ssl-images-amazon.com/images/I/61RxcY0R52S._AC_UL600_SR600,400_.jpg"
    },
    {
        "Product Name": "Amazon Basics Electric Egg Boiler | 3 Boiling Modes | Automatic Operation | Overheat Protection|75ml|Plastic|White",
        "Product Price": "₹369.00",
        "Category Name": "Kitchen",
        "Available Images": "https://images-eu.ssl-images-amazon.com/images/I/71tIWqrBr6L._AC_UL600_SR600,400_.jpg"
    },
    {
        "Product Name": "Trance 100% Waterproof Premium Cotton Feel Mattress Protector King Size, 78x72 Inches | Breathable and Hypoallergenic Ultra Soft Fitted Bed Protector Cover (78\"x72\" Fits Upto 10 Inches - King, Grey",
        "Product Price": "₹669.00",
        "Category Name": "Kitchen",
        "Available Images": "https://images-eu.ssl-images-amazon.com/images/I/51o4CGytTBL._AC_UL600_SR600,400_.jpg"
    },
    {
        "Product Name": "Desidiya® 2.5m Reindeer LED Curtain String Lights - 8 Flashing Modes, Warm White Festive Window Curtain Lights for Christmas Décor and Holiday Ambiance",
        "Product Price": "₹599.00",
        "Category Name": "Kitchen",
        "Available Images": "https://images-eu.ssl-images-amazon.com/images/I/41ZfcHvAYEL._AC_UL600_SR600,400_.jpg"
    },
    {
        "Product Name": "Pigeon 1.5 litre Hot Kettle and Stainless Steel Water Bottle Combo used for boiling Water, Making Tea and Coffee, Instant Noodles, Soup with Auto Shut- off Feature",
        "Product Price": "₹699.00",
        "Category Name": "Kitchen",
        "Available Images": "https://images-eu.ssl-images-amazon.com/images/I/510sIxSnACL._AC_UL600_SR600,400_.jpg"
    },
    {
        "Product Name": "nutripro Copper Juicer Mixer Grinder - Smoothie Maker - 500 Watts (3 Jars, Silver) - 2 Year Warranty",
        "Product Price": "₹1,799.00",
        "Category Name": "Kitchen",
        "Available Images": "https://images-eu.ssl-images-amazon.com/images/I/7152-mn8mKL._AC_UL600_SR600,400_.jpg"
    },
    {
        "Product Name": "Desidiya 12 Stars 138 Led Curtain String Lights Window Curtain Lights with 8 Flashing Modes Decoration for Christmas, Wedding, Party, Home, Patio Lawn Warm White (138 Led-Star, Copper, Pack of 1)",
        "Product Price": "₹399.00",
        "Category Name": "Kitchen",
        "Available Images": "https://images-eu.ssl-images-amazon.com/images/I/51M-0OzscIL._AC_UL600_SR600,400_.jpg"
    },
    {
        "Product Name": "Crompton Arno Neo 15-L 5 Star Rated Storage Water Heater (Geyser) with Advanced 3 Level Safety, National Energy Conservation Award Winner 2023",
        "Product Price": "₹6,299.00",
        "Category Name": "Kitchen",
        "Available Images": "https://images-eu.ssl-images-amazon.com/images/I/515nNlnjmSL._AC_UL600_SR600,400_.jpg"
    },
    {
        "Product Name": "Go well Solid Satin Silk Pillow Covers Pack of 2 for Hair & Skin-with Satin Scrunchies for Women Stylish|scrunchies for Women 3-Piece|Silk Pillow case(Rose taupe)600TC",
        "Product Price": "₹265.00",
        "Category Name": "Kitchen",
        "Available Images": "https://images-eu.ssl-images-amazon.com/images/I/51ZYURwOOwL._AC_UL600_SR600,400_.jpg"
    },
    {
        "Product Name": "Sumeet Thermo1000 Stainless Steel 24 Hours Hot & Cold ISI Certified Double Walled Leak Proof Vacuum Flask/Water Bottle for Office/School/College/Gym/Picnic/Home/Trekking- 1000ml, Silver",
        "Product Price": "₹575.00",
        "Category Name": "Kitchen",
        "Available Images": "https://images-eu.ssl-images-amazon.com/images/I/61r6dU2NUuL._AC_UL600_SR600,400_.jpg"
    },
    {
        "Product Name": "Milton Glassy 1000 Thermosteel 24 Hours Hot and Cold Water Bottle with Drinking Cup Lid, 1 Litre, Purple",
        "Product Price": "₹999.00",
        "Category Name": "Kitchen",
        "Available Images": "https://images-eu.ssl-images-amazon.com/images/I/71yKqytMlyL._AC_UL600_SR600,400_.jpg"
    },
    {
        "Product Name": "Cookwell Bullet Mixer Grinder (5 Jars, 3 Blades, Silver) - Copper, 600 Watts - 2 Year Warranty",
        "Product Price": "₹2,199.00",
        "Category Name": "Kitchen",
        "Available Images": "https://images-eu.ssl-images-amazon.com/images/I/81yobRRV8nL._AC_UL600_SR600,400_.jpg"
    },
    {
        "Product Name": "Cello Puro Steel-X Benz 900 | Leak Proof| Wide Mouth & Easy to Open | Insulated Inner Steel Water Bottle | 730ml | Turquoise",
        "Product Price": "₹347.00",
        "Category Name": "Kitchen",
        "Available Images": "https://images-eu.ssl-images-amazon.com/images/I/71k81fIHRAL._AC_UL600_SR600,400_.jpg"
    },
    {
        "Product Name": "Havells Electric Kettle Aqua Plus 1250 Watts 1.2 liters , Double Layered Cool Touch Outer Body | 304 Rust Resistant SS Inner Body with Auto Shut Off | Wider Mouth | 2 Yr Manufacturer Warranty (Black)",
        "Product Price": "₹1,449.00",
        "Category Name": "Kitchen",
        "Available Images": "https://images-eu.ssl-images-amazon.com/images/I/61SBF33TizS._AC_UL600_SR600,400_.jpg"
    },
    {
        "Product Name": "Pigeon by Stovekraft Cruise 1800 watt Induction Cooktop With Crystal Glass,7 Segments LED Display, Auto Switch Off - Black",
        "Product Price": "₹1,299.00",
        "Category Name": "Kitchen",
        "Available Images": "https://images-eu.ssl-images-amazon.com/images/I/61aM36RGwgL._AC_UL600_SR600,400_.jpg"
    },
    {
        "Product Name": "TEKCOOL 35 Feet Long LED Power Pixel Serial String Light, 360 Degree Light in Bulb | Copper Led Pixel String Light for Home Decoration,Diwali,Christmas(Multi) Pack of 1",
        "Product Price": "₹147.00",
        "Category Name": "Kitchen",
        "Available Images": "https://images-eu.ssl-images-amazon.com/images/I/81wdVigznPL._AC_UL600_SR600,400_.jpg"
    },
    {
        "Product Name": "Butterfly Premium Vegetable Chopper 900 Ml, Blue",
        "Product Price": "₹298.00",
        "Category Name": "Kitchen",
        "Available Images": "https://images-eu.ssl-images-amazon.com/images/I/61fPH47Hd0L._AC_UL600_SR600,400_.jpg"
    },
    {
        "Product Name": "Pexpo Electro Pro 24 Hrs Hot & Cold ISI Certified | Stainless Steel Water Bottle - 1000ml Denim Blue | Thermoflask | Office Bottle | Workout | Travelling | Home | Limited RCB Edition",
        "Product Price": "₹769.00",
        "Category Name": "Kitchen",
        "Available Images": "https://images-eu.ssl-images-amazon.com/images/I/81Brf9H6rcL._AC_UL600_SR600,400_.jpg"
    },
    {
        "Product Name": "Odonil Room Air Freshener Spray - 440ml Combo (Pack of 2, 220ml each) | Lavender Mist & Jasmine Fresh | Nature Inspired Fragrance for Home & Office | Long Lasting Fragrance",
        "Product Price": "₹135.00",
        "Category Name": "Kitchen",
        "Available Images": "https://images-eu.ssl-images-amazon.com/images/I/71Qy4Ad-r5L._AC_UL600_SR600,400_.jpg"
    },
    {
        "Product Name": "House of Quirk 1200ML Stainless Steel Tumbler Hot and Cold with Handle and Lid 2 Straw, Double Insulated Cup 100% Leak Proof Mug Cupholder for Gym, Travelling (Cotton Candy Haze)",
        "Product Price": "₹1,249.00",
        "Category Name": "Kitchen",
        "Available Images": "https://images-eu.ssl-images-amazon.com/images/I/610HtsrbXGL._AC_UL600_SR600,400_.jpg"
    },
    {
        "Product Name": "BSB HOME Polyester Micromink Summer Ac/Mild Winter/Heavy Winter Sherpa Blanket Super Soft Flannel Solid/Plain, Blue & Grey, Size 150 X 228 Cms (Approx 4X7 Ft) (Single), 200 TC",
        "Product Price": "₹999.00",
        "Category Name": "Kitchen",
        "Available Images": "https://images-eu.ssl-images-amazon.com/images/I/71aN+DAuOqL._AC_UL600_SR600,400_.jpg"
    },
    {
        "Product Name": "Amazon Basics Portable Digital Weighing Scale for Kitchen | Electronic Weighing Scale With Back light LCD Display and high precision sensors | Range of 1g-10 kg (Black)",
        "Product Price": "₹369.00",
        "Category Name": "Kitchen",
        "Available Images": "https://images-eu.ssl-images-amazon.com/images/I/71AHZUc7CFL._AC_UL600_SR600,400_.jpg"
    },
    {
        "Product Name": "Status Contract Anti Slip Front Door Mat|(38x58cm) Living Room Rug for Entrance Door|Polypropylene Floor Mats for Home|Essential Small Rug for Office, Bedroom & Kitchen| (Blue), Rectangular",
        "Product Price": "₹99.00",
        "Category Name": "Kitchen",
        "Available Images": "https://images-eu.ssl-images-amazon.com/images/I/81rubH-VPtL._AC_UL600_SR600,400_.jpg"
    },
    {
        "Product Name": "Boldfit Water Bottles Stainless Steel Water Bottle 1 Litre Steel Water Bottles for School, Office, Home, Gym 1 Litre Water Bottle for Men Leakproof, Rust free Steel Bottle -1000 ml Water Bottle Black",
        "Product Price": "₹299.00",
        "Category Name": "Kitchen",
        "Available Images": "https://images-eu.ssl-images-amazon.com/images/I/71zFvtVuP1L._AC_UL600_SR600,400_.jpg"
    },
    {
        "Product Name": "SOPL-OLIVEWARE Teso Pro Lunch Box with Steel Cutlery, 3 Microwave Safe Inside Steel Containers with BPA free Lids(290ml, 450ml & 600ml), Plastic Pickle Box(130ml), Steel Water Bottle(750ml) - Blue",
        "Product Price": "₹829.00",
        "Category Name": "Kitchen",
        "Available Images": "https://images-eu.ssl-images-amazon.com/images/I/71zj7ULiR+L._AC_UL600_SR600,400_.jpg"
    },
    {
        "Product Name": "Storite 2 Pack Moisture Proof Nylon Large Size Underbed Storage Bag For Clothes (54 x 46 x 28 cm) - Black, Rectangular",
        "Product Price": "₹499.00",
        "Category Name": "Kitchen",
        "Available Images": "https://images-eu.ssl-images-amazon.com/images/I/81bmCoO7IsL._AC_UL600_SR600,400_.jpg"
    },
    {
        "Product Name": "MILTON Super 1000 Stainless Steel Water Bottle, 1000 ml water bottles, Single walled, Leak-Proof, Rust-free Steel Bottle, Easy Grip, Easy to Carry, Travel Bottle, Silver",
        "Product Price": "₹299.00",
        "Category Name": "Kitchen",
        "Available Images": "https://images-eu.ssl-images-amazon.com/images/I/41GC5Z0FrhL._AC_UL600_SR600,400_.jpg"
    },
    {
        "Product Name": "Longway Magma 2000/1000 W Fan Room Heater With ISI Approved (White)",
        "Product Price": "₹799.00",
        "Category Name": "Kitchen",
        "Available Images": "https://images-eu.ssl-images-amazon.com/images/I/71RAsC-S6AL._AC_UL600_SR600,400_.jpg"
    },
    {
        "Product Name": "TIED RIBBONS Christmas Tree 2 Feet with 56 Decoration Hanging Props Ornaments for Table Top Office Small Artificial Xmas Tree Party Decor - Christmas Decorations Items for Home",
        "Product Price": "₹399.00",
        "Category Name": "Kitchen",
        "Available Images": "https://images-eu.ssl-images-amazon.com/images/I/81eDbgUcj4L._AC_UL600_SR600,400_.jpg"
    },
    {
        "Product Name": "BSB HOME 3D Printed 144 TC Microfiber Double Bedsheet with 2 King Size Pillow Covers (Maroon, White and Yellow Checks, 90X90 Inches)",
        "Product Price": "₹198.00",
        "Category Name": "Kitchen",
        "Available Images": "https://images-eu.ssl-images-amazon.com/images/I/91eSUn0JUHL._AC_UL600_SR600,400_.jpg"
    },
    {
        "Product Name": "NYRWANA Coffee Mug, Birthday Gift, Cups and Mugs, Mugs for Gift, Ceramic Mug, Coffee Mug with Lid, Cute Mugs with Lid & Spoon, 3D Creative Space and Astronaut Planet Coffee Mug (400ml - Dark Blue)",
        "Product Price": "₹499.00",
        "Category Name": "Kitchen",
        "Available Images": "https://images-eu.ssl-images-amazon.com/images/I/615Cb02PM7L._AC_UL600_SR600,400_.jpg"
    },
    {
        "Product Name": "Pigeon Kessel Multipurpose Kettle (12173) 1.2 litres with Stainless Steel Body, used for boiling Water and milk, Tea, Coffee, Oats, Noodles, Soup etc. 600 Watt (Black & Silver)",
        "Product Price": "₹849.00",
        "Category Name": "Kitchen",
        "Available Images": "https://images-eu.ssl-images-amazon.com/images/I/41JJWFk14hL._AC_UL600_SR600,400_.jpg"
    },
    {
        "Product Name": "Orient Electric Arc Plus 1.5kw |Immersion water heater|100% shock proof body|Heavy copper element|With Bucket clip| ISI certified | 2 years replacement warranty",
        "Product Price": "₹609.00",
        "Category Name": "Kitchen",
        "Available Images": "https://images-eu.ssl-images-amazon.com/images/I/61JjdIoAtgL._AC_UL600_SR600,400_.jpg"
    },
    {
        "Product Name": "THE HOME STYLE Cotton Feel Glace Cotton Elastic Fitted Printed King Size Double Bed Bedsheet with 2 Pillow Cover(72\"x78\", Pastel Green) , 300 - 350 threadcount",
        "Product Price": "₹630.00",
        "Category Name": "Kitchen",
        "Available Images": "https://images-eu.ssl-images-amazon.com/images/I/71fa0Niq9VL._AC_UL600_SR600,400_.jpg"
    },
    {
        "Product Name": "OFIXO 50 Meters Food Wrapping Paper Roll - Premium Non-Stick Butter Wrapping Paper. Food Wrapping Paper, Re-heatable Non Stick Paper, Parchment Paper",
        "Product Price": "₹197.00",
        "Category Name": "Kitchen",
        "Available Images": "https://images-eu.ssl-images-amazon.com/images/I/61YURV7ruVL._AC_UL600_SR600,400_.jpg"
    },
    {
        "Product Name": "JIALTO Adhesive wall Hook 10 Pack Heavy Duty Wall Hooks for Hanging Wall Decor items home decor items wall clock hanging hooks Photo Frame Hooks for Wall Without Drilling Nail Hook key holder",
        "Product Price": "₹199.00",
        "Category Name": "Kitchen",
        "Available Images": "https://images-eu.ssl-images-amazon.com/images/I/410a9N3gxpL._AC_UL600_SR600,400_.jpg"
    },
    {
        "Product Name": "Go Hooked 3 pcs Green Garland for Christmas Ornaments Home Decoration Artificial Tinsel Garland Green Heavy Christmas Strings, Ribbon for Xmas Christmas and Tree Decoration (Green)",
        "Product Price": "₹199.00",
        "Category Name": "Kitchen",
        "Available Images": "https://images-eu.ssl-images-amazon.com/images/I/81dN5pQn2TL._AC_UL600_SR600,400_.jpg"
    },
    {
        "Product Name": "OrganizeMee Large Stainless Steel Cutting Board for Kitchen - Premium Vegetable and Fruit Cutter, Heavy-Duty Metal Chopping Board, Big Size Pad (36 cm X 25 cm)",
        "Product Price": "₹742.00",
        "Category Name": "Kitchen",
        "Available Images": "https://images-eu.ssl-images-amazon.com/images/I/81QDfwVLH4L._AC_UL600_SR600,400_.jpg"
    },
    {
        "Product Name": "DRUNKEN Slipper For Men and Women Flip Flops Hotel Spa Massage Chappal Bedroom Carpet Slippers Sandal",
        "Product Price": "₹284.00",
        "Category Name": "Shoes",
        "Available Images": "https://images-eu.ssl-images-amazon.com/images/I/91T-1TJrVQL._AC_UL600_SR600,400_.jpg"
    },
    {
        "Product Name": "ASIAN Men's Wonder-13 Sports Running Shoes…",
        "Product Price": "₹549.00",
        "Category Name": "Shoes",
        "Available Images": "https://images-eu.ssl-images-amazon.com/images/I/61utX8kBDlL._AC_UL600_SR600,400_.jpg"
    },
    {
        "Product Name": "Sparx Men's Slippers",
        "Product Price": "₹250.00",
        "Category Name": "Shoes",
        "Available Images": "https://images-eu.ssl-images-amazon.com/images/I/71-JrD05RaL._AC_UL600_SR600,400_.jpg"
    },
    {
        "Product Name": "DOCTOR EXTRA SOFT Doctor Ortho Slippers for Women.",
        "Product Price": "₹399.00",
        "Category Name": "Shoes",
        "Available Images": "https://images-eu.ssl-images-amazon.com/images/I/51dMc66bcZL._AC_UL600_SR600,400_.jpg"
    },
    {
        "Product Name": "DOCTOR HEALTH SUPER SOFT Women's Flip-Flops Slippers | Flip-Flops | Women's & Girl's Slippers | Comfortable & Lightweight | Soft Foot Massager | All Day Wear Flip-Flops Slipper",
        "Product Price": "₹699.00",
        "Category Name": "Shoes",
        "Available Images": "https://images-eu.ssl-images-amazon.com/images/I/613HiuDRcfL._AC_UL600_SR600,400_.jpg"
    },
    {
        "Product Name": "AIRSON AL-5 Slipper for Women | Orthopedic, Diabetic, Pregnancy | Soft Doctor Anti-Skid Slipper for Women |Slides, Flip-Flops, Slippers, Chappals | For Ladies and Girls",
        "Product Price": "₹329.00",
        "Category Name": "Shoes",
        "Available Images": "https://images-eu.ssl-images-amazon.com/images/I/61FNHdi4cxL._AC_UL600_SR600,400_.jpg"
    },
    {
        "Product Name": "DOCTOR EXTRA SOFT Doctor Slippers for Women Orthopedic Diabetic Pregnancy Non Slip Lightweight Comfortable Flat Casual Stylish Dr Chappals and House Flip flops For Ladies and Girl’s D-22",
        "Product Price": "₹349.00",
        "Category Name": "Shoes",
        "Available Images": "https://images-eu.ssl-images-amazon.com/images/I/61gk1cLQ-9L._AC_UL600_SR600,400_.jpg"
    },
    {
        "Product Name": "Lavie Women's Ushawu Small Satchel Bag | Ladies Purse Handbag",
        "Product Price": "₹1,149.00",
        "Category Name": "Shoes",
        "Available Images": "https://images-eu.ssl-images-amazon.com/images/I/81SRDNUx+kL._AC_UL600_SR600,400_.jpg"
    },
    {
        "Product Name": "FLITE Men's Flip Flops Thong Slippers",
        "Product Price": "₹219.00",
        "Category Name": "Shoes",
        "Available Images": "https://images-eu.ssl-images-amazon.com/images/I/71Z9XdlDzjL._AC_UL600_SR600,400_.jpg"
    },
    {
        "Product Name": "Dr.Ortho Orthopedic Slippers | Acupressure Slippers | Flip-Flops | For Men & Women's Slippers",
        "Product Price": "₹379.00",
        "Category Name": "Shoes",
        "Available Images": "https://images-eu.ssl-images-amazon.com/images/I/61Jg6IkTfcL._AC_UL600_SR600,400_.jpg"
    },
    {
        "Product Name": "Fargo Leatherette Side White Sling Bags For Women's Ladies",
        "Product Price": "₹99.00",
        "Category Name": "Shoes",
        "Available Images": "https://images-eu.ssl-images-amazon.com/images/I/612WOnKLLML._AC_UL600_SR600,400_.jpg"
    },
    {
        "Product Name": "Campus Men's North Running Shoe",
        "Product Price": "₹1,199.00",
        "Category Name": "Shoes",
        "Available Images": "https://images-eu.ssl-images-amazon.com/images/I/71UZLYpHA9L._AC_UL600_SR600,400_.jpg"
    },
    {
        "Product Name": "DOCTOR EXTRA SOFT Flexible Memory Foam Women's Shoes for Walking Gym Training,Casual, Sports,Slip-On,Lightweight Lace up Athletics Slipon Running Sneaker for Ladies and Girls",
        "Product Price": "₹854.00",
        "Category Name": "Shoes",
        "Available Images": "https://images-eu.ssl-images-amazon.com/images/I/61OkTushHbL._AC_UL600_SR600,400_.jpg"
    },
    {
        "Product Name": "DOCTOR EXTRA SOFT Men's Classic Ultra Soft Sliders/Slippers with Cushion FootBed for Adult | Comfortable & Light Weight | Stylish & Anti-Skid | Waterproof & Everyday Flip Flops for Gents/Boys D-504",
        "Product Price": "₹695.00",
        "Category Name": "Shoes",
        "Available Images": "https://images-eu.ssl-images-amazon.com/images/I/61HA3-8XMIL._AC_UL600_SR600,400_.jpg"
    },
    {
        "Product Name": "Liberty Boys Gola-schv School Uniform Shoe",
        "Product Price": "₹599.00",
        "Category Name": "Shoes",
        "Available Images": "https://images-eu.ssl-images-amazon.com/images/I/51GKXw07rHL._AC_UL600_SR600,400_.jpg"
    },
    {
        "Product Name": "FLITE Women's Fl0366l Slippers",
        "Product Price": "₹174.00",
        "Category Name": "Shoes",
        "Available Images": "https://images-eu.ssl-images-amazon.com/images/I/71Z2rJhL3kL._AC_UL600_SR600,400_.jpg"
    },
    {
        "Product Name": "DOCTOR EXTRA SOFT Womens D-19 slipper",
        "Product Price": "₹399.00",
        "Category Name": "Shoes",
        "Available Images": "https://images-eu.ssl-images-amazon.com/images/I/71-bWsEMbXS._AC_UL600_SR600,400_.jpg"
    },
    {
        "Product Name": "Bata 8216 Boss-Grip Black Derby Shoes for Men|Birthday Parties|Family Gatherings|School Performances|Flexible|Other Occasions",
        "Product Price": "₹760.00",
        "Category Name": "Shoes",
        "Available Images": "https://images-eu.ssl-images-amazon.com/images/I/71rYxtbE8SS._AC_UL600_SR600,400_.jpg"
    },
    {
        "Product Name": "Lavie Women's Betula Medium Tote Bag | Ladies Purse Handbag",
        "Product Price": "₹868.00",
        "Category Name": "Shoes",
        "Available Images": "https://images-eu.ssl-images-amazon.com/images/I/71FgjWcMjTS._AC_UL600_SR600,400_.jpg"
    },
    {
        "Product Name": "BRUTON Trendy Shoes Gym Shoes | Sports Shoes | Running Shoes | Exclusive Shoes for Men",
        "Product Price": "₹299.00",
        "Category Name": "Shoes",
        "Available Images": "https://images-eu.ssl-images-amazon.com/images/I/61LJk07g5rL._AC_UL600_SR600,400_.jpg"
    },
    {
        "Product Name": "TCCO Natural Sneaker & Shoe Cleaner Wipes - 1 Packs of 80 - Portable Sneakers Cleaner Shoe Wipes Quickly Remove Dirt & Stains - These Disposable Shoe Cleaning Wipes Can Be Used On Footwear",
        "Product Price": "₹269.00",
        "Category Name": "Shoes",
        "Available Images": "https://images-eu.ssl-images-amazon.com/images/I/71vb1+-y+vL._AC_UL600_SR600,400_.jpg"
    },
    {
        "Product Name": "Bata Women's ORTHO COMFIT LADIES Slippers",
        "Product Price": "₹199.00",
        "Category Name": "Shoes",
        "Available Images": "https://images-eu.ssl-images-amazon.com/images/I/811kto5K9OL._AC_UL600_SR600,400_.jpg"
    },
    {
        "Product Name": "LEGAL BRIBE Textured Tote bag",
        "Product Price": "₹449.00",
        "Category Name": "Shoes",
        "Available Images": "https://images-eu.ssl-images-amazon.com/images/I/71iHbv5vkqL._AC_UL600_SR600,400_.jpg"
    },
    {
        "Product Name": "Frido Dual Gel Heavy Duty Trimmable Insoles, For Loose Shoes or Replacing Existing Insoles, Thick Shoe Inserts, Extra Comfort and Support, Proudly Made in India, (Size 8-13 UK) - Pack of 1 Pair",
        "Product Price": "₹678.00",
        "Category Name": "Shoes",
        "Available Images": "https://images-eu.ssl-images-amazon.com/images/I/716Mf4sDXsL._AC_UL600_SR600,400_.jpg"
    },
    {
        "Product Name": "Campus Women's Kurstin Walking Shoe",
        "Product Price": "₹934.00",
        "Category Name": "Shoes",
        "Available Images": "https://images-eu.ssl-images-amazon.com/images/I/61iq1hFHTfL._AC_UL600_SR600,400_.jpg"
    },
    {
        "Product Name": "ZOUK Printed Women's Hand Crafted Vegan Leather Flap Sling Bag",
        "Product Price": "₹1,199.00",
        "Category Name": "Shoes",
        "Available Images": "https://images-eu.ssl-images-amazon.com/images/I/71aSQc30GWL._AC_UL600_SR600,400_.jpg"
    },
    {
        "Product Name": "ASIAN Men's TARZAN-11 Casual Sneaker Shoes with Synthetic Upper Lightweight Comfortable Mid Top Sneaker Shoes for Men's & Boy's",
        "Product Price": "₹729.00",
        "Category Name": "Shoes",
        "Available Images": "https://images-eu.ssl-images-amazon.com/images/I/71cflgAolqL._AC_UL600_SR600,400_.jpg"
    },
    {
        "Product Name": "Campus Mens Oxyfit (N) Walking Shoes",
        "Product Price": "₹729.00",
        "Category Name": "Shoes",
        "Available Images": "https://images-eu.ssl-images-amazon.com/images/I/61Anv0lBjRL._AC_UL600_SR600,400_.jpg"
    },
    {
        "Product Name": "SPARX Mens Sm 675 Walking Shoe",
        "Product Price": "₹799.00",
        "Category Name": "Shoes",
        "Available Images": "https://images-eu.ssl-images-amazon.com/images/I/71MjjKXxiYL._AC_UL600_SR600,400_.jpg"
    },
    {
        "Product Name": "ADISA Unicorn Toddler Bag Princess Fur Crossbody Handbags Gift for Girls",
        "Product Price": "₹291.00",
        "Category Name": "Shoes",
        "Available Images": "https://images-eu.ssl-images-amazon.com/images/I/711O3-ySogL._AC_UL600_SR600,400_.jpg"
    },
    {
        "Product Name": "Campus Men's First Running Shoe",
        "Product Price": "₹1,119.00",
        "Category Name": "Shoes",
        "Available Images": "https://images-eu.ssl-images-amazon.com/images/I/61+u7BBiaxL._AC_UL600_SR600,400_.jpg"
    },
    {
        "Product Name": "Centrino Mens 3392 Causal Shoes | Loafers | Moccasins | Lighweight Slip-On's | Soft Cushioned Insole | Trendy Non Lace-up Deisgn | Stylish & Comfortable",
        "Product Price": "₹799.00",
        "Category Name": "Shoes",
        "Available Images": "https://images-eu.ssl-images-amazon.com/images/I/71I8S-yPG+L._AC_UL600_SR600,400_.jpg"
    },
    {
        "Product Name": "BRUTON EVA Lite Sport Shoes Running Shoes for Men- Blue",
        "Product Price": "₹499.00",
        "Category Name": "Shoes",
        "Available Images": "https://images-eu.ssl-images-amazon.com/images/I/71f3BmjCwtL._AC_UL600_SR600,400_.jpg"
    },
    {
        "Product Name": "ASIAN F-04 Running Shoes,Gym Shoes,Training Shoes,Walking Shoes,Sports Shoes for Men…",
        "Product Price": "₹579.00",
        "Category Name": "Shoes",
        "Available Images": "https://images-eu.ssl-images-amazon.com/images/I/61C7ArtiuZL._AC_UL600_SR600,400_.jpg"
    },
    {
        "Product Name": "Lify 2 Pair Super Quality 19 Colors Flat Shoe laces 5/16 Wide Shoelaces for Athletic Running Sneakers Shoes Boot Strings",
        "Product Price": "₹155.00",
        "Category Name": "Shoes",
        "Available Images": "https://images-eu.ssl-images-amazon.com/images/I/61ic0Nu5UhL._AC_UL600_SR600,400_.jpg"
    },
    {
        "Product Name": "DOCTOR EXTRA SOFT House Slipper for Women's Care |Orthopaedic | Diabetic | Acupressure | Comfortable | MCR | Flip-Flop Ladies and Girl’s Home Slides for Daily Use D-20",
        "Product Price": "₹399.00",
        "Category Name": "Shoes",
        "Available Images": "https://images-eu.ssl-images-amazon.com/images/I/61v6ZsUw5HL._AC_UL600_SR600,400_.jpg"
    },
    {
        "Product Name": "DOCTOR EXTRA SOFT Women's Classic Ultra Soft Sliders/Slippers with Cushion FootBed for Adult | Comfortable & Light Weight| Stylish & Anti-Skid| Waterproof & Everyday Flip Flops for Ladies/Girls D-508",
        "Product Price": "₹599.00",
        "Category Name": "Shoes",
        "Available Images": "https://images-eu.ssl-images-amazon.com/images/I/51TBG383iUL._AC_UL600_SR600,400_.jpg"
    },
    {
        "Product Name": "DRUNKEN Slippers For Women Men Winter Sandals Casual Flats Home Footwear Man Girls Sliders Flip Flops Chappals Ladies Clogs Sleeper Slides Stylish Ortho Soft (Color : Rose Pink, Size : 5-6 UK)",
        "Product Price": "₹279.00",
        "Category Name": "Shoes",
        "Available Images": "https://images-eu.ssl-images-amazon.com/images/I/51S2d1AV9WL._AC_UL600_SR600,400_.jpg"
    },
    {
        "Product Name": "ASIAN Men's MEXICO-11 Casual Sneaker Shoes with Synthetic Upper Lightweight Comfortable Mid Top Sneaker Shoes for Men's & Boy's",
        "Product Price": "₹779.00",
        "Category Name": "Shoes",
        "Available Images": "https://images-eu.ssl-images-amazon.com/images/I/713G8fax-4L._AC_UL600_SR600,400_.jpg"
    },
    {
        "Product Name": "SNEAKARE Quick Shoe Cleaning Kit Shoe Cleaner & Medium Bristle Shoe Brush, White Shoe Cleaning Kit, Shoe Cleaner Kit For Sneaker,Sports Shoe Cleaner Foam Spray",
        "Product Price": "₹299.00",
        "Category Name": "Shoes",
        "Available Images": "https://images-eu.ssl-images-amazon.com/images/I/61kqHgv+BXL._AC_UL600_SR600,400_.jpg"
    },
    {
        "Product Name": "ATHCO Mens Akron Memory Foam Comfort Shoes|Running|Walking|Training|Gym|Jogging|Sneaker|Athletic|Laceup|Flexible|Lightweight|Dailyuse|Sports|Casual|ExtraSoft|Fitness",
        "Product Price": "₹699.00",
        "Category Name": "Shoes",
        "Available Images": "https://images-eu.ssl-images-amazon.com/images/I/71JMDJLzRDL._AC_UL900_SR900,600_.jpg"
    },
    {
        "Product Name": "FLITE Women's Fl0342l Slippers",
        "Product Price": "₹179.50",
        "Category Name": "Shoes",
        "Available Images": "https://images-eu.ssl-images-amazon.com/images/I/71wnT-eIwJL._AC_UL600_SR600,400_.jpg"
    },
    {
        "Product Name": "Fargo Stylish Textured Sling Bag for Women Ladies purse for women & girls",
        "Product Price": "₹129.00",
        "Category Name": "Shoes",
        "Available Images": "https://images-eu.ssl-images-amazon.com/images/I/819u250aSTL._AC_UL600_SR600,400_.jpg"
    },
    {
        "Product Name": "VISMIINTREND Leather Backpack for Women, Stylish Bags for Girls, Shoulder Purse, Trendy Ladies Hand Bag, Daily Use, Office/Travel/College/Work/Picnic, Birthday Gift for Wife/Sister, Latest",
        "Product Price": "₹1,399.00",
        "Category Name": "Shoes",
        "Available Images": "https://images-eu.ssl-images-amazon.com/images/I/61T8HU1uHkL._AC_UL600_SR600,400_.jpg"
    },
    {
        "Product Name": "DOCTOR EXTRA SOFT Men's Classic Casual Clogs/Sandals with Adjustable Back Strap for Adult | Comfortable & Light Weight | Stylish & Anti-Skid | Waterproof & Daily Mules for Gents/Boys D-501",
        "Product Price": "₹799.00",
        "Category Name": "Shoes",
        "Available Images": "https://images-eu.ssl-images-amazon.com/images/I/61SwLdSiXQL._AC_UL600_SR600,400_.jpg"
    },
    {
        "Product Name": "BRUTON Exclusive Trendy Sports Running Shoes | Casual Shoe | Sneakers for Men's & Boy's",
        "Product Price": "₹264.00",
        "Category Name": "Shoes",
        "Available Images": "https://images-eu.ssl-images-amazon.com/images/I/613jfAH1TuL._AC_UL600_SR600,400_.jpg"
    },
    {
        "Product Name": "Cherry Blossom Sports Shoe Cleaner With Free Brush - 75Ml | Cleans All Non-Leather Shoes In Minutes, White",
        "Product Price": "₹129.00",
        "Category Name": "Shoes",
        "Available Images": "https://images-eu.ssl-images-amazon.com/images/I/71pyt7OOawL._AC_UL600_SR600,400_.jpg"
    },
    {
        "Product Name": "Campus Mens Terminator (N) Running Shoes",
        "Product Price": "₹1,299.00",
        "Category Name": "Shoes",
        "Available Images": "https://images-eu.ssl-images-amazon.com/images/I/7116DVkEANL._AC_UL600_SR600,400_.jpg"
    },
    {
        "Product Name": "ADISA Women's Girls Cross Body Sling Bag with Pouch",
        "Product Price": "₹499.00",
        "Category Name": "Shoes",
        "Available Images": "https://images-eu.ssl-images-amazon.com/images/I/51VyTkeXgLL._AC_UL600_SR600,400_.jpg"
    },
    {
        "Product Name": "YOHO Bubbles Men Ortho slippers | Soft comfortable and stylish flip flop slippers for Men in exciting colors |Lightweight | Anti Skid | Daily Use Chappal",
        "Product Price": "₹490.00",
        "Category Name": "Shoes",
        "Available Images": "https://images-eu.ssl-images-amazon.com/images/I/71wg31NrJJL._AC_UL600_SR600,400_.jpg"
    },
    {
        "Product Name": "DOCTOR EXTRA SOFT Men's Classic Casual Sports Clogs/Sandals with Adjustable Back Strap for Adult | Comfortable & Lightweight| Stylish & Anti-Skid| Waterproof & Everyday Use Mules for Gents/Boys D-513",
        "Product Price": "₹1,299.00",
        "Category Name": "Shoes",
        "Available Images": "https://images-eu.ssl-images-amazon.com/images/I/6122JS6GzxL._AC_UL600_SR600,400_.jpg"
    },
    {
        "Product Name": "Campus Mens Shuttle Walking Shoe",
        "Product Price": "₹749.00",
        "Category Name": "Shoes",
        "Available Images": "https://images-eu.ssl-images-amazon.com/images/I/612L4eLtx2L._AC_UL600_SR600,400_.jpg"
    },
    {
        "Product Name": "Doctor Walk Sneakers for Women | Shoes for Women | Comfortable & Lightweight | Casual Sneakers Shoes (A1-Black)",
        "Product Price": "₹299.00",
        "Category Name": "Shoes",
        "Available Images": "https://images-eu.ssl-images-amazon.com/images/I/61sMdxZU2GL._AC_UL600_SR600,400_.jpg"
    },
    {
        "Product Name": "Wolvesden Women's Home Flip-Flops & Slippers Winter Indoor Non-Slip Soft Fur Home Flip Flop Slides And Slippers Cute Bear Flip Flops for Women",
        "Product Price": "₹399.00",
        "Category Name": "Shoes",
        "Available Images": "https://images-eu.ssl-images-amazon.com/images/I/61--z9d7P4L._AC_UL600_SR600,400_.jpg"
    },
    {
        "Product Name": "DOCTOR EXTRA SOFT Lightweight Memory Foam Women's Shoes | Walking,Gym,Training,Running,Casual,Sports,Athletics| Stylish,Flexible,Comfortable| Slip-On,Loafers,Lace-up,Sneaker for Ladies & Girls D-1004",
        "Product Price": "₹899.00",
        "Category Name": "Shoes",
        "Available Images": "https://images-eu.ssl-images-amazon.com/images/I/715nOV5qg3L._AC_UL600_SR600,400_.jpg"
    },
    {
        "Product Name": "Storite Women's Tote Bag With Leather Handles & Embroidery Printed Handbag With Zip Pockets, Shoulder Tote Bag And Handbag For Office And College (30x25x9.5Cm), Multicolor",
        "Product Price": "₹498.00",
        "Category Name": "Shoes",
        "Available Images": "https://images-eu.ssl-images-amazon.com/images/I/81CMb5BZyVL._AC_UL600_SR600,400_.jpg"
    },
    {
        "Product Name": "ADISA Women's Girls Party Sling Bag Crossbody",
        "Product Price": "₹399.00",
        "Category Name": "Shoes",
        "Available Images": "https://images-eu.ssl-images-amazon.com/images/I/51Flz6NBfqL._AC_UL600_SR600,400_.jpg"
    },
    {
        "Product Name": "DOCTOR HEALTH SUPER SOFT Women's Classic Ultra Soft Flip Flops with Cushion Footbed for Adult | Comfortable & Light Weight | Stylish & Anti-Skid | Waterproof & Everyday Slip-on for Ladies",
        "Product Price": "₹399.00",
        "Category Name": "Shoes",
        "Available Images": "https://images-eu.ssl-images-amazon.com/images/I/71Z66071UlL._AC_UL600_SR600,400_.jpg"
    },
    {
        "Product Name": "Ambrane Unbreakable 3A Fast Charging 1.5m Braided Type C Cable for Smartphones, Tablets & other Type C devices, 480Mbps Data Sync, Quick Charge 3.0 (RCT15A, Black)",
        "Product Price": "₹179.00",
        "Category Name": "Computers",
        "Available Images": "https://images-eu.ssl-images-amazon.com/images/I/61UzQMCRaeL._AC_UL600_SR600,400_.jpg"
    },
    {
        "Product Name": "FUR JADEN Anti Theft Number Lock Backpack Bag with 15.6 Inch Laptop Compartment, USB Charging Port & Organizer Pocket for Men Women Boys Girls",
        "Product Price": "₹649.00",
        "Category Name": "Computers",
        "Available Images": "https://images-eu.ssl-images-amazon.com/images/I/61egMfcDWlL._AC_UL600_SR600,400_.jpg"
    },
    {
        "Product Name": "STRIFF Adjustable Laptop Tabletop Stand Patented Riser Ventilated Portable Foldable Compatible with MacBook Notebook Tablet Tray Desk Table Book with Free Phone Stand (Black)",
        "Product Price": "₹279.00",
        "Category Name": "Computers",
        "Available Images": "https://images-eu.ssl-images-amazon.com/images/I/71Zf9uUp+GL._AC_UL600_SR600,400_.jpg"
    },
    {
        "Product Name": "Dyazo 6 Angles Adjustable Aluminum Ergonomic Foldable Portable Tabletop Laptop/Desktop Riser Stand Holder Compatible for MacBook, HP, Dell, Lenovo & All Other Notebook (Silver)",
        "Product Price": "₹399.00",
        "Category Name": "Computers",
        "Available Images": "https://images-eu.ssl-images-amazon.com/images/I/61kBmC8NfGL._AC_UL600_SR600,400_.jpg"
    },
    {
        "Product Name": "Logitech M186 Wireless Mouse, 2.4GHz with USB Mini Receiver, 12-Month Battery Life, 1000 DPI Optical Tracking, Ambidextrous, Compatible with PC, Mac, Laptop",
        "Product Price": "₹495.00",
        "Category Name": "Computers",
        "Available Images": "https://images-eu.ssl-images-amazon.com/images/I/41xAn0iwc6L._AC_UL600_SR600,400_.jpg"
    },
    {
        "Product Name": "Portronics Toad 23 Wireless Optical Mouse with 2.4GHz, USB Nano Dongle, Optical Orientation, Click Wheel, Adjustable DPI(Black)",
        "Product Price": "₹290.00",
        "Category Name": "Computers",
        "Available Images": "https://images-eu.ssl-images-amazon.com/images/I/41KuRShR97L._AC_UL600_SR600,400_.jpg"
    },
    {
        "Product Name": "TP-Link AC750 Wifi Range Extender | Up to 750Mbps | Dual Band WiFi Extender, Repeater, Wifi Signal Booster, Access Point| Easy Set-Up | Extends Wifi to Smart Home & Alexa Devices (RE200)",
        "Product Price": "₹1,793.00",
        "Category Name": "Computers",
        "Available Images": "https://images-eu.ssl-images-amazon.com/images/I/61+8YQqHC0L._AC_UL600_SR600,400_.jpg"
    },
    {
        "Product Name": "Safari Omega spacious/large laptop backpack with Raincover, college bag, travel bag for men and women, Black, 30 Litre",
        "Product Price": "₹649.00",
        "Category Name": "Computers",
        "Available Images": "https://images-eu.ssl-images-amazon.com/images/I/71maWXZscfL._AC_UL600_SR600,400_.jpg"
    },
    {
        "Product Name": "Dell MS116 Wired Optical Mouse, 1000DPI, LED Tracking, Scrolling Wheel, Plug and Play",
        "Product Price": "₹309.00",
        "Category Name": "Computers",
        "Available Images": "https://images-eu.ssl-images-amazon.com/images/I/51a1LryFTZS._AC_UL600_SR600,400_.jpg"
    },
    {
        "Product Name": "HP v236w USB 2.0 64GB Pen Drive,",
        "Product Price": "₹399.00",
        "Category Name": "Computers",
        "Available Images": "https://images-eu.ssl-images-amazon.com/images/I/61xNG4wjOuL._AC_UL600_SR600,400_.jpg"
    },
    {
        "Product Name": "amazon basics Multi Angle Desktop Foldable Stand Tablet/Mobile Stand Holder for iPhone, Android, Samsung, OnePlus, Xiaomi, Smartphones. Portable, for Your Bed,Home, Office, Home (Black)",
        "Product Price": "₹99.00",
        "Category Name": "Computers",
        "Available Images": "https://images-eu.ssl-images-amazon.com/images/I/61JsqY7bVdL._AC_UL600_SR600,400_.jpg"
    },
    {
        "Product Name": "Ambrane Unbreakable 60W Fast Charging 1.5M Braided Type C to Type C Cable for Smartphones, Tablets, Laptops & Other Type C Devices, PD Technology, 480Mbps Data Sync (RCTT15, Black)",
        "Product Price": "₹199.00",
        "Category Name": "Computers",
        "Available Images": "https://images-eu.ssl-images-amazon.com/images/I/71MhtZF5NWL._AC_UL600_SR600,400_.jpg"
    },
    {
        "Product Name": "Mi Xiaomi 33W Fast Charging Cable USB C Quick Charge 4.0 Soniccharge Cord Compatible withMi, Redmi, iPhone 15 Pro Samsung Galaxy Android Phone Laptop PD Charger Cable (White)",
        "Product Price": "₹219.00",
        "Category Name": "Computers",
        "Available Images": "https://images-eu.ssl-images-amazon.com/images/I/31xhdZB7lxL._AC_UL600_SR600,400_.jpg"
    },
    {
        "Product Name": "Portronics Toad One Bluetooth Mouse with 2.4 GHz & BT 5.3 Dual Wireless, 6 Buttons, Rechargeable, RGB Lights, Connect 3 Devices, Ergonomic Design for Laptop, Smartphone, Tablet (Black)",
        "Product Price": "₹599.00",
        "Category Name": "Computers",
        "Available Images": "https://images-eu.ssl-images-amazon.com/images/I/51hZtBRUFBL._AC_UL600_SR600,400_.jpg"
    },
    {
        "Product Name": "HUMBLE® Spiral Charger Cable Protector Data Cable Saver Charging Cord Protective Cable Cover (25 Pieces)",
        "Product Price": "₹99.00",
        "Category Name": "Computers",
        "Available Images": "https://images-eu.ssl-images-amazon.com/images/I/51w1jj5b2cL._AC_UL600_SR600,400_.jpg"
    },
    {
        "Product Name": "STRIFF World Map Extended Size (800 mm x 300 mm x 2 mm) Gaming Mouse Pad| Desk Mat | Stitched Edges| Non-Slip Rubber Base|Computer Laptop|Keyboard Mouse Pad for Office & Home (World Map)",
        "Product Price": "₹209.00",
        "Category Name": "Computers",
        "Available Images": "https://images-eu.ssl-images-amazon.com/images/I/61s6d6BxW4L._AC_UL600_SR600,400_.jpg"
    },
    {
        "Product Name": "Wayona Nylon Braided USB to Lightning Fast Charging and Data Sync Cable Compatible for iPhone 14,13, 12,11,X, 8, 7, 6, 5, iPad Air, Pro, Mini (3 FT Pack of 1, Grey)",
        "Product Price": "₹399.00",
        "Category Name": "Computers",
        "Available Images": "https://images-eu.ssl-images-amazon.com/images/I/71ojkmsYe8L._AC_UL600_SR600,400_.jpg"
    },
    {
        "Product Name": "Apple MacBook Air Laptop: Apple M1 chip, 13.3-inch/33.74 cm Retina Display, 8GB RAM, 256GB SSD Storage, Backlit Keyboard, FaceTime HD Camera, Touch ID. Works with iPhone/iPad; Space Grey",
        "Product Price": "₹56,990.00",
        "Category Name": "Computers",
        "Available Images": "https://images-eu.ssl-images-amazon.com/images/I/71jG+e7roXL._AC_UL600_SR600,400_.jpg"
    },
    {
        "Product Name": "Seagate Expansion 1TB External HDD - USB 3.0 for Windows and Mac with 3 yr Data Recovery Services, Portable Hard Drive (STKM1000400)",
        "Product Price": "₹5,149.00",
        "Category Name": "Computers",
        "Available Images": "https://images-eu.ssl-images-amazon.com/images/I/814SDu24dnL._AC_UL600_SR600,400_.jpg"
    },
    {
        "Product Name": "Canon PIXMA PG47 Black Ink Cartridge",
        "Product Price": "₹719.00",
        "Category Name": "Computers",
        "Available Images": "https://images-eu.ssl-images-amazon.com/images/I/61xYkbf9BVL._AC_UL600_SR600,400_.jpg"
    },
    {
        "Product Name": "Dyazo Water Resistant Laptop Sleeve with Handle Compatible for 15 Inch to 15.6\" Inches laptops & Notebooks - Grey",
        "Product Price": "₹299.00",
        "Category Name": "Computers",
        "Available Images": "https://images-eu.ssl-images-amazon.com/images/I/81s4wKEliIL._AC_UL600_SR600,400_.jpg"
    },
    {
        "Product Name": "Zebronics Zeb-Power Wired USB Mouse, 3-Button, 1200 DPI Optical Sensor, Plug & Play, for Windows/Mac",
        "Product Price": "₹179.00",
        "Category Name": "Computers",
        "Available Images": "https://images-eu.ssl-images-amazon.com/images/I/71dVp0dxxvL._AC_UL600_SR600,400_.jpg"
    },
    {
        "Product Name": "SanDisk Ultra Flair 64GB USB 3.0 Pen Drive, Multicolor",
        "Product Price": "₹449.00",
        "Category Name": "Computers",
        "Available Images": "https://images-eu.ssl-images-amazon.com/images/I/51uBDIyAZlL._AC_UL600_SR600,400_.jpg"
    },
    {
        "Product Name": "Dell KB216-Black Multimedia Wired Keyboard with USB Interface, Plunger Keys Technology and Chiclet Key Style, Hot Key-Volume, Mute, Play/Pause, Backward, Forward, Warranty 1 Year.",
        "Product Price": "₹559.00",
        "Category Name": "Computers",
        "Available Images": "https://images-eu.ssl-images-amazon.com/images/I/61-kTKQuDUL._AC_UL600_SR600,400_.jpg"
    },
    {
        "Product Name": "HP 805 Black Original Ink Cartridge",
        "Product Price": "₹594.00",
        "Category Name": "Computers",
        "Available Images": "https://images-eu.ssl-images-amazon.com/images/I/71G5sZFioXL._AC_UL600_SR600,400_.jpg"
    },
    {
        "Product Name": "Amazon Basics Foldable Laptop Table with Cup Holder, Tablet Groove and Mini Drawer (Black)",
        "Product Price": "₹599.00",
        "Category Name": "Computers",
        "Available Images": "https://images-eu.ssl-images-amazon.com/images/I/411lql4dHlL._AC_UL600_SR600,400_.jpg"
    },
    {
        "Product Name": "Portronics Konnect X 60W Type C to Type C Unbreakable Nylon Braided Cable, 2M Fast Charging Cable for iPhone 15 series, iPad, Samsung Galaxy & other Type C Devices(White)",
        "Product Price": "₹198.00",
        "Category Name": "Computers",
        "Available Images": "https://images-eu.ssl-images-amazon.com/images/I/61Zp3KE1XzL._AC_UL600_SR600,400_.jpg"
    },
    {
        "Product Name": "TP-Link TL-WA850RE Single_Band 300Mbps RJ45 Wireless Range Extender, Broadband/Wi-Fi Extender, Wi-Fi Booster/Hotspot with 1 Ethernet Port, Plug and Play, Built-in Access Point Mode, White",
        "Product Price": "₹1,299.00",
        "Category Name": "Computers",
        "Available Images": "https://images-eu.ssl-images-amazon.com/images/I/41xp0NCaW4L._AC_UL600_SR600,400_.jpg"
    },
    {
        "Product Name": "Duracell Usb-A To Type C, 65W Braided Sync & Fast Charging Cable, 3.9 Feet (1.2M), Qc 2.0/3.0 Ultra Fast Charging, For Samsung, Mi, Realme, Oppo, One Plus, Seamless Data Transmission, Series 3, Black",
        "Product Price": "₹358.00",
        "Category Name": "Computers",
        "Available Images": "https://images-eu.ssl-images-amazon.com/images/I/71sMR4yd6UL._AC_UL600_SR600,400_.jpg"
    },
    {
        "Product Name": "AmazonBasics 2-in-1 Laptop and Mobile Stand, Ergonomic, Adjustable Height, Anti-Slip Base, Heat Dissipation, Portable, Lightweight, Compatible with All Laptops Up to 15.6\" (Abs, Black)",
        "Product Price": "₹279.00",
        "Category Name": "Computers",
        "Available Images": "https://images-eu.ssl-images-amazon.com/images/I/61QxfC9mAGL._AC_UL600_SR600,400_.jpg"
    },
    {
        "Product Name": "Duracell Usb-A To Type C, 65W Braided Sync&Fast Charging Cable, 3.9 Feet(1.2M), Qc 2.0/3.0 Ultra Fast Charging, For Samsung, Mi, Realme, Oppo, One Plus, Seamless Data Transmission, Series 1,Black",
        "Product Price": "₹241.00",
        "Category Name": "Computers",
        "Available Images": "https://images-eu.ssl-images-amazon.com/images/I/71ZPYdXn9PL._AC_UL600_SR600,400_.jpg"
    },
    {
        "Product Name": "Logitech B170 Wireless Mouse, 2.4 GHz with USB Nano Receiver, Optical Tracking, 12-Months Battery Life, Ambidextrous, PC/Mac/Laptop - Black",
        "Product Price": "₹629.00",
        "Category Name": "Computers",
        "Available Images": "https://images-eu.ssl-images-amazon.com/images/I/516LU0H963L._AC_UL600_SR600,400_.jpg"
    },
    {
        "Product Name": "boAt Type C A325/A320 Tangle-free, Sturdy Type C Cable with 3A Rapid Charging & 480 Mbps Data Transmission Speed, Compatible with Smartphones & Tablets(Black)",
        "Product Price": "₹199.00",
        "Category Name": "Computers",
        "Available Images": "https://images-eu.ssl-images-amazon.com/images/I/71eVAHH3tsL._AC_UL600_SR600,400_.jpg"
    },
    {
        "Product Name": "Dell WM118 Wireless Mouse, 1000DPI, 2.4 Ghz with USB Nano Receiver, Optical Tracking, 12-Months Battery Life, Plug and Play, Ambidextrous - Black",
        "Product Price": "₹649.00",
        "Category Name": "Computers",
        "Available Images": "https://images-eu.ssl-images-amazon.com/images/I/41rIY4opa3L._AC_UL600_SR600,400_.jpg"
    },
    {
        "Product Name": "ZEBRONICS Zeb-Jaguar Wireless Mouse, 2.4GHz with USB Nano Receiver, High Precision Optical Tracking, 4 Buttons, Plug & Play, Ambidextrous, for PC/Mac/Laptop (Black+Grey)",
        "Product Price": "₹288.00",
        "Category Name": "Computers",
        "Available Images": "https://images-eu.ssl-images-amazon.com/images/I/61XtYoH-kGL._AC_UL600_SR600,400_.jpg"
    },
    {
        "Product Name": "Ambrane Type-C to Lightning Cable, 22.5W Fast Charging, 480Mbps Data Sync Cable Compatible with iPhone, iPad, Macbook, iMac, AirPods, 1.25m (ABTL-125 Black)",
        "Product Price": "₹199.00",
        "Category Name": "Computers",
        "Available Images": "https://images-eu.ssl-images-amazon.com/images/I/61avT8m81IL._AC_UL600_SR600,400_.jpg"
    },
    {
        "Product Name": "ZEBRONICS ZEB-USB150WF1 WiFi USB Mini Adapter Supports 150 Mbps Wireless Data, Comes with Advanced Security WPA/WPA2 encryption Standards",
        "Product Price": "₹249.00",
        "Category Name": "Computers",
        "Available Images": "https://images-eu.ssl-images-amazon.com/images/I/61UC24Xk8BS._AC_UL600_SR600,400_.jpg"
    },
    {
        "Product Name": "SanDisk Ultra Dual Drive Go usb3.0 Type C Pendrive for Mobile (Black, 64 GB, 5Y - SDDDC3-064G-I35)",
        "Product Price": "₹699.00",
        "Category Name": "Computers",
        "Available Images": "https://images-eu.ssl-images-amazon.com/images/I/617wjUR4vbL._AC_UL600_SR600,400_.jpg"
    },
    {
        "Product Name": "USB C to Lightning Cable 1M [Apple MFi Certified] iPhone Fast Charger Cable USB-C Power Delivery Charging Cord for iPhone 14/13/12/12 PRO Max/12 Mini/11/11PRO/XS/Max/XR/X/iPad (Pack of 1)",
        "Product Price": "₹664.00",
        "Category Name": "Computers",
        "Available Images": "https://images-eu.ssl-images-amazon.com/images/I/61JbpXlsnaL._AC_UL600_SR600,400_.jpg"
    },
    {
        "Product Name": "Zebronics ZEB-KM2100 Multimedia USB Keyboard Comes with 114 Keys Including 12 Dedicated Multimedia Keys & with Rupee Key",
        "Product Price": "₹249.00",
        "Category Name": "Computers",
        "Available Images": "https://images-eu.ssl-images-amazon.com/images/I/61JyZxQ36lL._AC_UL600_SR600,400_.jpg"
    },
    {
        "Product Name": "HP USB 2.0 Flash Drive 128GB v150w-Blue",
        "Product Price": "₹569.00",
        "Category Name": "Computers",
        "Available Images": "https://images-eu.ssl-images-amazon.com/images/I/41yGRd--VPL._AC_UL600_SR600,400_.jpg"
    },
    {
        "Product Name": "Zebronics-NS1500 Laptop Stand Featuring Foldable Design, Anti-Slip Silicone Rubber Pads, Supports Maximum of 5kgs Weight Tabletop",
        "Product Price": "₹299.00",
        "Category Name": "Computers",
        "Available Images": "https://images-eu.ssl-images-amazon.com/images/I/61MHLpET97L._AC_UL600_SR600,400_.jpg"
    },
    {
        "Product Name": "Zebronics-NS1000 Laptop Stand Featuring Foldable Design, Anti-Slip Silicone Rubber Pads, Supports Maximum of 5kgs Weight, 6 Adjustable Levels.",
        "Product Price": "₹229.00",
        "Category Name": "Computers",
        "Available Images": "https://images-eu.ssl-images-amazon.com/images/I/51B4emQb6yL._AC_UL600_SR600,400_.jpg"
    },
    {
        "Product Name": "Portronics Toad 101 Wired Optical Mouse with 1200 DPI, Plug & Play, Hi-Optical Tracking, 1.25M Cable Length, 30 Million Click Life(Black)",
        "Product Price": "₹127.00",
        "Category Name": "Computers",
        "Available Images": "https://images-eu.ssl-images-amazon.com/images/I/51czxrySrVL._AC_UL600_SR600,400_.jpg"
    },
    {
        "Product Name": "TP-Link Archer AC1200 Archer C6 Wi-Fi Speed Up to 867 Mbps/5 GHz + 400Mbps/2.4 GHz, 5 Gigabit Ports, 4 External Antennas, MU-MIMO, Dual Band, WiFi Coverage with Access Point Mode, Black",
        "Product Price": "₹2,399.00",
        "Category Name": "Computers",
        "Available Images": "https://images-eu.ssl-images-amazon.com/images/I/71Hu0MLbxqL._AC_UL600_SR600,400_.jpg"
    },
    {
        "Product Name": "ZEBRONICS Newly Launched Blanc Slim Wireless Mouse with Rechargeable Battery, BT + 2.4GHz, 4 Buttons, 800/1200/1600 DPI, Silent Operation, Multicolor LED Lights",
        "Product Price": "₹499.00",
        "Category Name": "Computers",
        "Available Images": "https://images-eu.ssl-images-amazon.com/images/I/51vMo-pHZ5L._AC_UL600_SR600,400_.jpg"
    },
    {
        "Product Name": "TP-Link USB Bluetooth Adapter for PC, 5.3 Bluetooth Dongle Receiver (UB500) Supports Windows 11/10/8.1/7 for Desktop, Laptop, Mouse, Keyboard, Printers, Headsets, Speakers, PS4/ Xbox Controllers.",
        "Product Price": "₹599.00",
        "Category Name": "Computers",
        "Available Images": "https://images-eu.ssl-images-amazon.com/images/I/51XzimFS-pL._AC_UL600_SR600,400_.jpg"
    },
    {
        "Product Name": "SanDisk Cruzer Blade 64GB USB 2.0 Flash Drive",
        "Product Price": "₹399.00",
        "Category Name": "Computers",
        "Available Images": "https://images-eu.ssl-images-amazon.com/images/I/61ERDR3tATL._AC_UL600_SR600,400_.jpg"
    },
    {
        "Product Name": "Logitech M221 Wireless Mouse, Silent Buttons, 2.4 GHz with USB Mini Receiver, 1000 DPI Optical Tracking, 18-Month Battery Life, Ambidextrous PC/Mac/Laptop - Charcoal Grey",
        "Product Price": "₹695.00",
        "Category Name": "Computers",
        "Available Images": "https://images-eu.ssl-images-amazon.com/images/I/61sskFEsc0L._AC_UL600_SR600,400_.jpg"
    },
    {
        "Product Name": "Portronics Toad 33 Wireless Mouse with 2.4 GHz Wireless Receiver, Adjustable Sensitivity, Ergonomic Design, for Laptops, Desktops PC, Mac (Black)",
        "Product Price": "₹249.00",
        "Category Name": "Computers",
        "Available Images": "https://images-eu.ssl-images-amazon.com/images/I/41Tq9CE-QML._AC_UL600_SR600,400_.jpg"
    },
    {
        "Product Name": "Arctic Fox Pureview Transparent Wireless and Bluetooth Rechargeable Mouse, USB Receiver,LED Battery Magic Silm for Office/PC/Mac/Laptop/Apple/ipad(Space Blue)",
        "Product Price": "₹659.00",
        "Category Name": "Computers",
        "Available Images": "https://images-eu.ssl-images-amazon.com/images/I/61eiM4vykhL._AC_UL600_SR600,400_.jpg"
    },
    {
        "Product Name": "Epson 003 65 ml for EcoTank L1110/L3100/L3101/L3110/L3115/L3116/L3150/L3151/L3152/L3156/L5190 Black Ink Bottle",
        "Product Price": "₹399.00",
        "Category Name": "Computers",
        "Available Images": "https://images-eu.ssl-images-amazon.com/images/I/515vjIkkgpL._AC_UL900_SR900,600_.jpg"
    },
    {
        "Product Name": "Sounce HDMI to VGA Gold Plated High-Speed 1080P Active HDTV HDMI to VGA Adapter Converter Male to Female with Audio and Micro USB Charging Cable, (Black)",
        "Product Price": "₹149.00",
        "Category Name": "Computers",
        "Available Images": "https://images-eu.ssl-images-amazon.com/images/I/51S7DFFqADL._AC_UL600_SR600,400_.jpg"
    },
    {
        "Product Name": "ZEBRONICS 180HB USB HUB, 3 Ports, USB 3.0, Transfer Speeds Upto 5 Gbps, Lightweight Design, Multi OS Compatible, Plug and Play",
        "Product Price": "₹178.00",
        "Category Name": "Computers",
        "Available Images": "https://images-eu.ssl-images-amazon.com/images/I/610Z73o7WQL._AC_UL600_SR600,400_.jpg"
    },
    {
        "Product Name": "Ambrane USB to Lightning 3A Fast Charging Braided Cable Compatible for iPhone 14,13, 12,11, X, 8, 7, 6, 5, iPad, Macbook, iMac, AirPods, 480Mbps Data Sync, 1.5Meter Long (RCL -15, Black)",
        "Product Price": "₹179.00",
        "Category Name": "Computers",
        "Available Images": "https://images-eu.ssl-images-amazon.com/images/I/61adfCou0hL._AC_UL600_SR600,400_.jpg"
    },
    {
        "Product Name": "SanDisk Ultra Dual Drive Go USB Type- C, Navagio Bay, India, 400MB/s 128GB, Mobile Pendrive",
        "Product Price": "₹1,099.00",
        "Category Name": "Computers",
        "Available Images": "https://images-eu.ssl-images-amazon.com/images/I/61Qe7aOyZqL._AC_UL600_SR600,400_.jpg"
    },
    {
        "Product Name": "HP M070 Ergonomic Wired Mouse/ 1.5M USB Cable/Optical Engine/Accurate Positioning/ 1600 DPI with Adjustable DPI 1000-1200/3 Years Warranty",
        "Product Price": "₹299.00",
        "Category Name": "Computers",
        "Available Images": "https://images-eu.ssl-images-amazon.com/images/I/61VZvDwh8-L._AC_UL600_SR600,400_.jpg"
    },
    {
        "Product Name": "HP GT53XL 135-ml Black Original Ink Bottle",
        "Product Price": "₹649.00",
        "Category Name": "Computers",
        "Available Images": "https://images-eu.ssl-images-amazon.com/images/I/61NoasiH-eL._AC_UL600_SR600,400_.jpg"
    },
    {
        "Product Name": "HP 680 Ink Cartridges Combo Pack (1 Black Cartridge + 1 tri-Color Cartridge)",
        "Product Price": "₹1,683.00",
        "Category Name": "Computers",
        "Available Images": "https://images-eu.ssl-images-amazon.com/images/I/71BmJYWn-pL._AC_UL600_SR600,400_.jpg"
    },
    {
        "Product Name": "Sounce 2.5\" SATA SSD Enclosure Transparent Case, USB 3.0 to SATA Tool-Free External Hard Disk Case with Fast Transfer Speed Up to 5 Gbps & Up to 4TB Storage Capacity Compatible with 2.5 SATA SSD / HDD",
        "Product Price": "₹299.00",
        "Category Name": "Computers",
        "Available Images": "https://images-eu.ssl-images-amazon.com/images/I/61w8zJX2JBL._AC_UL600_SR600,400_.jpg"
    },
    {
        "Product Name": "Redmi A4 5G (Sparkle Purple, 4GB RAM, 128GB Storage) | Global Debut SD 4s Gen 2 | Segment Largest 6.88in 120Hz | 50MP Dual Camera | 18W Fast Charging",
        "Product Price": "₹9,498.00",
        "Category Name": "Electronics",
        "Available Images": "https://images-eu.ssl-images-amazon.com/images/I/81XmCGfKlWL._AC_UL600_SR600,400_.jpg"
    },
    {
        "Product Name": "iQOO Z9x 5G (Tornado Green, 6GB RAM, 128GB Storage) | Snapdragon 6 Gen 1 with 560k+ AnTuTu Score | 6000mAh Battery with 7.99mm Slim Design | 44W FlashCharge",
        "Product Price": "₹13,999.00",
        "Category Name": "Electronics",
        "Available Images": "https://images-eu.ssl-images-amazon.com/images/I/61wHkeTOhWL._AC_UL600_SR600,400_.jpg"
    },
    {
        "Product Name": "Oneplus Bullets Z2 Bluetooth Wireless in Ear Earphones with Mic, Bombastic Bass - 12.4 mm Drivers, 10 Mins Charge - 20 Hrs Music, 30 Hrs Battery Life, IP55 Dust and Water Resistant (Magico Black)",
        "Product Price": "₹1,799.00",
        "Category Name": "Electronics",
        "Available Images": "https://images-eu.ssl-images-amazon.com/images/I/51UhwaQXCpL._AC_UL600_SR600,400_.jpg"
    },
    {
        "Product Name": "Redmi 13C 5G (Starlight Black, 4GB RAM, 128GB Storage) | MediaTek Dimensity 6100+ 5G | 90Hz Display",
        "Product Price": "₹9,099.00",
        "Category Name": "Electronics",
        "Available Images": "https://images-eu.ssl-images-amazon.com/images/I/81nMsYgIHdL._AC_UL600_SR600,400_.jpg"
    },
    {
        "Product Name": "OnePlus Nord Buds 2r True Wireless in Ear Earbuds with Mic, 12.4mm Drivers, Playback:Upto 38hr case,4-Mic Design, IP55 Rating [Deep Grey]",
        "Product Price": "₹1,998.00",
        "Category Name": "Electronics",
        "Available Images": "https://images-eu.ssl-images-amazon.com/images/I/51oMWaW7tKL._AC_UL600_SR600,400_.jpg"
    },
    {
        "Product Name": "Apple 20W USB-C Power Adapter (for iPhone, iPad & AirPods)",
        "Product Price": "₹1,549.00",
        "Category Name": "Electronics",
        "Available Images": "https://images-eu.ssl-images-amazon.com/images/I/21rFLTV3tML._AC_UL600_SR600,400_.jpg"
    },
    {
        "Product Name": "iQOO Z9x 5G (Storm Grey, 6GB RAM, 128GB Storage) | Snapdragon 6 Gen 1 with 560k+ AnTuTu Score | 6000mAh Battery with 7.99mm Slim Design | 44W FlashCharge",
        "Product Price": "₹13,999.00",
        "Category Name": "Electronics",
        "Available Images": "https://images-eu.ssl-images-amazon.com/images/I/61sY8BGOyEL._AC_UL600_SR600,400_.jpg"
    },
    {
        "Product Name": "boAt Bassheads 100 in Ear Wired Earphones with Mic(Black)",
        "Product Price": "₹399.00",
        "Category Name": "Electronics",
        "Available Images": "https://images-eu.ssl-images-amazon.com/images/I/513ugd16C6L._AC_UL600_SR600,400_.jpg"
    },
    {
        "Product Name": "boAt Rockerz 255 Pro+, 60HRS Battery, Fast Charge, IPX7, Dual Pairing, Low Latency, Magnetic Earbuds, Bluetooth Neckband, Wireless with Mic Earphones (Active Black)",
        "Product Price": "₹1,049.00",
        "Category Name": "Electronics",
        "Available Images": "https://images-eu.ssl-images-amazon.com/images/I/61+SW9nDTEL._AC_UL600_SR600,400_.jpg"
    },
    {
        "Product Name": "realme Buds 2 Wired in Ear Earphones with Mic (Black)",
        "Product Price": "₹599.00",
        "Category Name": "Electronics",
        "Available Images": "https://images-eu.ssl-images-amazon.com/images/I/61BYFuHb7lL._AC_UL600_SR600,400_.jpg"
    },
    {
        "Product Name": "boAt [New Launch] Airdopes 91 Prime, 45HRS Battery, 13mm Drivers, Metallic Finish, Low Latency,ENx Tech, Fast Charge, v5.3 Bluetooth Earbuds, TWS Ear Buds Wireless Earphones with mic (Midnight Black)",
        "Product Price": "₹798.00",
        "Category Name": "Electronics",
        "Available Images": "https://images-eu.ssl-images-amazon.com/images/I/713Lr2oNWaL._AC_UL600_SR600,400_.jpg"
    },
    {
        "Product Name": "OnePlus Nord CE4 Lite 5G (Super Silver, 8GB RAM, 128GB Storage)",
        "Product Price": "₹17,999.00",
        "Category Name": "Electronics",
        "Available Images": "https://images-eu.ssl-images-amazon.com/images/I/61Io5-ojWUL._AC_UL600_SR600,400_.jpg"
    },
    {
        "Product Name": "realme NARZO N61 (Voyage Blue,4GB RAM+64GB Storage) 90Hz Eye Comfort Display | IP54 Dust & Water Resistance | 48-Month Fluency | Charger in The Box",
        "Product Price": "₹7,498.00",
        "Category Name": "Electronics",
        "Available Images": "https://images-eu.ssl-images-amazon.com/images/I/71r0Ysx+oVL._AC_UL600_SR600,400_.jpg"
    },
    {
        "Product Name": "OnePlus Nord Buds 2r True Wireless in Ear Earbuds with Mic, 12.4mm Drivers, Playback:Upto 38hr case,4-Mic Design, IP55 Rating [Triple Blue]",
        "Product Price": "₹1,699.00",
        "Category Name": "Electronics",
        "Available Images": "https://images-eu.ssl-images-amazon.com/images/I/611BCw7ulaL._AC_UL600_SR600,400_.jpg"
    },
    {
        "Product Name": "iQOO Z9 Lite 5G (Aqua Flow, 6GB RAM, 128GB Storage) | Dimensity 6300 5G | 50MP Sony AI Camera | Charger in The Box",
        "Product Price": "₹11,499.00",
        "Category Name": "Electronics",
        "Available Images": "https://images-eu.ssl-images-amazon.com/images/I/61WZicN+coL._AC_UL600_SR600,400_.jpg"
    },
    {
        "Product Name": "Redmi A4 5G (Starry Black, 4GB RAM, 128GB Storage) | Global Debut SD 4s Gen 2 | Segment Largest 6.88in 120Hz | 50MP Dual Camera | 18W Fast Charging",
        "Product Price": "₹9,498.00",
        "Category Name": "Electronics",
        "Available Images": "https://images-eu.ssl-images-amazon.com/images/I/71qblDCyONL._AC_UL600_SR600,400_.jpg"
    },
    {
        "Product Name": "realme NARZO 70 Turbo 5G (Turbo Purple,6GB RAM,128GB Storage) | Segment's Fastest Dimensity 7300 Energy 5G Chipset | Motorsports Inspired Design",
        "Product Price": "₹16,998.00",
        "Category Name": "Electronics",
        "Available Images": "https://images-eu.ssl-images-amazon.com/images/I/71kIK8UyA3L._AC_UL600_SR600,400_.jpg"
    },
    {
        "Product Name": "Redmi A4 5G (Sparkle Purple, 4GB RAM, 64GB Storage) | Global Debut SD 4s Gen 2 | Segment Largest 6.88in 120Hz | 50MP Dual Camera | 18W Fast Charging",
        "Product Price": "₹8,498.00",
        "Category Name": "Electronics",
        "Available Images": "https://images-eu.ssl-images-amazon.com/images/I/81XmCGfKlWL._AC_UL600_SR600,400_.jpg"
    },
    {
        "Product Name": "boAt Rockerz 255 Z Plus, AI-ENx Tech, Spatial Audio, 50HRS Battery, Low Latency Mode, Fast Charge, App Support, IPX4, GFPS, BT v5.3, Bluetooth Neckband, Wireless With Mic Earphones (Classic Black)",
        "Product Price": "₹999.00",
        "Category Name": "Electronics",
        "Available Images": "https://images-eu.ssl-images-amazon.com/images/I/61vaxn5X09L._AC_UL600_SR600,400_.jpg"
    },
    {
        "Product Name": "iQOO Z9 Lite 5G (Mocha Brown, 6GB RAM, 128GB Storage) | Dimensity 6300 5G | 50MP Sony AI Camera | Charger in The Box",
        "Product Price": "₹11,499.00",
        "Category Name": "Electronics",
        "Available Images": "https://images-eu.ssl-images-amazon.com/images/I/619VJYWIbXL._AC_UL600_SR600,400_.jpg"
    },
    {
        "Product Name": "SanDisk Ultra 64GB microSDXC UHS-I, 140MB/s R, Memory Card, 10 Y Warranty, for Smartphones",
        "Product Price": "₹539.00",
        "Category Name": "Electronics",
        "Available Images": "https://images-eu.ssl-images-amazon.com/images/I/7180ZAZmERL._AC_UL600_SR600,400_.jpg"
    },
    {
        "Product Name": "Apple EarPods (USB-C)",
        "Product Price": "₹1,549.00",
        "Category Name": "Electronics",
        "Available Images": "https://images-eu.ssl-images-amazon.com/images/I/513OSdW4elL._AC_UL300_SR300,200_.jpg"
    },
    {
        "Product Name": "OnePlus Nord Buds 2r True Wireless in Ear Earbuds with Mic, 12.4mm Drivers, Playback:Upto 38hr case,4-Mic Design, IP55 Rating [ Misty Grey ]",
        "Product Price": "₹1,999.00",
        "Category Name": "Electronics",
        "Available Images": "https://images-eu.ssl-images-amazon.com/images/I/51raakZN9fL._AC_UL600_SR600,400_.jpg"
    },
    {
        "Product Name": "Fujifilm Instax Mini Picture Format Film (20 Shots)",
        "Product Price": "₹1,299.00",
        "Category Name": "Electronics",
        "Available Images": "https://images-eu.ssl-images-amazon.com/images/I/51w7yu7wVnL._AC_UL600_SR600,400_.jpg"
    },
    {
        "Product Name": "Redmi A4 5G (Starry Black, 4GB RAM, 64GB Storage) | Global Debut SD 4s Gen 2 | Segment Largest 6.88in 120Hz | 50MP Dual Camera | 18W Fast Charging",
        "Product Price": "₹8,498.00",
        "Category Name": "Electronics",
        "Available Images": "https://images-eu.ssl-images-amazon.com/images/I/71qblDCyONL._AC_UL600_SR600,400_.jpg"
    },
    {
        "Product Name": "realme NARZO N61 (Marble Black, 4GB RAM+64GB Storage) 90Hz Eye Comfort Display | IP54 Dust & Water Resistance | 48-Month Fluency | Charger in The Box",
        "Product Price": "₹7,498.00",
        "Category Name": "Electronics",
        "Available Images": "https://images-eu.ssl-images-amazon.com/images/I/71EN6N9kUEL._AC_UL600_SR600,400_.jpg"
    },
    {
        "Product Name": "OnePlus Bullets Z2 Bluetooth Wireless in Ear Earphones with Mic, Bombastic Bass - 12.4 Mm Drivers, 10 Mins Charge - 20 Hrs Music, 30 Hrs Battery Life (Beam Blue)",
        "Product Price": "₹1,399.00",
        "Category Name": "Electronics",
        "Available Images": "https://images-eu.ssl-images-amazon.com/images/I/514m1VhSUUL._AC_UL600_SR600,400_.jpg"
    },
    {
        "Product Name": "realme NARZO N61 (Marble Black,6GB RAM+128GB Storage) 90Hz Eye Comfort Display | IP54 Dust & Water Resistance | 48-Month Fluency | Charger in The Box",
        "Product Price": "₹8,498.00",
        "Category Name": "Electronics",
        "Available Images": "https://images-eu.ssl-images-amazon.com/images/I/71EN6N9kUEL._AC_UL600_SR600,400_.jpg"
    },
    {
        "Product Name": "boAt Airdopes 141, Low Latency, ENx Tech, 42HRS Battery, Fast Charge, IWP, IPX4, v5.1 Bluetooth Earbuds, TWS Ear Buds Wireless Earphones with mic (Bold Black)",
        "Product Price": "₹999.00",
        "Category Name": "Electronics",
        "Available Images": "https://images-eu.ssl-images-amazon.com/images/I/71RFdy6y6LL._AC_UL600_SR600,400_.jpg"
    },
    {
        "Product Name": "Portronics iKonnect C Pro Type C to 3.5 mm Audio Jack Connector with DAC Headphone Converter Adapter Compatible with iPhone 15 Pro Max/15 Pro/15 Plus, Galaxy S23/S22/S21/S208 & Other Type C Phones",
        "Product Price": "₹218.00",
        "Category Name": "Electronics",
        "Available Images": "https://images-eu.ssl-images-amazon.com/images/I/61Lfhj2LdxL._AC_UL600_SR600,400_.jpg"
    },
    {
        "Product Name": "Samsung Original 25W Type-C Travel Adaptor Without Cable, Black",
        "Product Price": "₹1,008.00",
        "Category Name": "Electronics",
        "Available Images": "https://images-eu.ssl-images-amazon.com/images/I/71Gu1ib5-RL._AC_UL600_SR600,400_.jpg"
    },
    {
        "Product Name": "SanDisk Ultra 128GB microSDXC UHS-I, 140MB/s R, Memory Card, 10 Y Warranty, for Smartphones",
        "Product Price": "₹999.00",
        "Category Name": "Electronics",
        "Available Images": "https://images-eu.ssl-images-amazon.com/images/I/51FeeXHe1nL._AC_UL600_SR600,400_.jpg"
    },
    {
        "Product Name": "Dyazo 6 Angles Adjustable Aluminum Ergonomic Foldable Portable Tabletop Laptop/Desktop Riser Stand Holder Compatible for MacBook, HP, Dell, Lenovo & All Other Notebook (Silver)",
        "Product Price": "₹399.00",
        "Category Name": "Electronics",
        "Available Images": "https://images-eu.ssl-images-amazon.com/images/I/61kBmC8NfGL._AC_UL600_SR600,400_.jpg"
    },
    {
        "Product Name": "Samsung Original 25W Type-C Travel Adaptor Without Cable, White",
        "Product Price": "₹1,099.00",
        "Category Name": "Electronics",
        "Available Images": "https://images-eu.ssl-images-amazon.com/images/I/512UVkoMMEL._AC_UL600_SR600,400_.jpg"
    },
    {
        "Product Name": "Logitech M186 Wireless Mouse, 2.4GHz with USB Mini Receiver, 12-Month Battery Life, 1000 DPI Optical Tracking, Ambidextrous, Compatible with PC, Mac, Laptop",
        "Product Price": "₹495.00",
        "Category Name": "Electronics",
        "Available Images": "https://images-eu.ssl-images-amazon.com/images/I/41xAn0iwc6L._AC_UL600_SR600,400_.jpg"
    },
    {
        "Product Name": "boAt Airdopes 300, Cinematic Spatial Audio, 50HRS Battery, 4Mic AI ENx, Fast Charge, App Support, Low Latency, IPX4, v5.3 Bluetooth Earbuds, TWS Ear Buds Wireless Earphones with mic (Gunmetal Black)",
        "Product Price": "₹1,099.00",
        "Category Name": "Electronics",
        "Available Images": "https://images-eu.ssl-images-amazon.com/images/I/71ndbdVgC7L._AC_UL600_SR600,400_.jpg"
    },
    {
        "Product Name": "Portronics Toad 23 Wireless Optical Mouse with 2.4GHz, USB Nano Dongle, Optical Orientation, Click Wheel, Adjustable DPI(Black)",
        "Product Price": "₹290.00",
        "Category Name": "Electronics",
        "Available Images": "https://images-eu.ssl-images-amazon.com/images/I/41KuRShR97L._AC_UL600_SR600,400_.jpg"
    },
    {
        "Product Name": "TP-Link AC750 Wifi Range Extender | Up to 750Mbps | Dual Band WiFi Extender, Repeater, Wifi Signal Booster, Access Point| Easy Set-Up | Extends Wifi to Smart Home & Alexa Devices (RE200)",
        "Product Price": "₹1,793.00",
        "Category Name": "Electronics",
        "Available Images": "https://images-eu.ssl-images-amazon.com/images/I/61+8YQqHC0L._AC_UL600_SR600,400_.jpg"
    },
    {
        "Product Name": "Portronics 51W Car Power 16 Fast Car Charger with Dual Output, 51 Watts Total (18W USB + 33W Type C PD), Fast Charging, Adapter for iPhone & Android Smartphones and Tablets (Black)",
        "Product Price": "₹398.00",
        "Category Name": "Electronics",
        "Available Images": "https://images-eu.ssl-images-amazon.com/images/I/51NbaPIA9SL._AC_UL600_SR600,400_.jpg"
    },
    {
        "Product Name": "realme NARZO 70x 5G (Ice Blue, 8GB RAM,128GB Storage)|120Hz Ultra Smooth Display|Dimensity 6100+ 6nm 5G|50MP AI Camera|45W Charger in The Box",
        "Product Price": "₹13,998.00",
        "Category Name": "Electronics",
        "Available Images": "https://images-eu.ssl-images-amazon.com/images/I/71w-mmKgIfL._AC_UL600_SR600,400_.jpg"
    },
    {
        "Product Name": "Oneplus Nord CE4 (Dark Chrome, 8GB RAM, 128GB Storage)",
        "Product Price": "₹22,999.00",
        "Category Name": "Electronics",
        "Available Images": "https://images-eu.ssl-images-amazon.com/images/I/61g1pqSjAhL._AC_UL600_SR600,400_.jpg"
    },
    {
        "Product Name": "OnePlus Bullets Wireless Z2 ANC Bluetooth in Ear Earphones with Mic, 45dB Hybrid ANC, Bombastic Bass - 12.4 mm Drivers, 10 Mins Charge - 20 Hrs Music, 28 Hrs Battery (Grand Green)",
        "Product Price": "₹2,078.00",
        "Category Name": "Electronics",
        "Available Images": "https://images-eu.ssl-images-amazon.com/images/I/51xJvaON00L._AC_UL600_SR600,400_.jpg"
    },
    {
        "Product Name": "CP PLUS 2MP Full HD Smart Wi-Fi CCTV Home Security Camera | 360° with Pan Tilt | View & Talk | Motion Alert | Night Vision | SD Card (Upto 128 GB), Alexa & Google Support | IR Distance 10mtr | CP-E25A",
        "Product Price": "₹1,199.00",
        "Category Name": "Electronics",
        "Available Images": "https://images-eu.ssl-images-amazon.com/images/I/51gmjKtWUGL._AC_UL600_SR600,400_.jpg"
    },
    {
        "Product Name": "Zebronics ZEB-COUNTY 3W Wireless Bluetooth Portable Speaker With Supporting Carry Handle, USB, SD Card, AUX, FM & Call Function. (Black)",
        "Product Price": "₹499.00",
        "Category Name": "Electronics",
        "Available Images": "https://images-eu.ssl-images-amazon.com/images/I/71wAXhzCmnS._AC_UL600_SR600,400_.jpg"
    },
    {
        "Product Name": "Boult Newly Launched K10 Truly Wireless in Ear Ear Buds with 50H Playtime, 4 Mics Clear Calling, 45ms Low Latency, Type-C Fast Charging, IPX5, Made in India TWS Earbuds Bluetooth Wireless (Ice Blue)",
        "Product Price": "₹899.00",
        "Category Name": "Electronics",
        "Available Images": "https://images-eu.ssl-images-amazon.com/images/I/41kK3roaPGL._AC_UL600_SR600,400_.jpg"
    },
    {
        "Product Name": "Safari Omega spacious/large laptop backpack with Raincover, college bag, travel bag for men and women, Black, 30 Litre",
        "Product Price": "₹649.00",
        "Category Name": "Electronics",
        "Available Images": "https://images-eu.ssl-images-amazon.com/images/I/71maWXZscfL._AC_UL600_SR600,400_.jpg"
    },
    {
        "Product Name": "Dell MS116 Wired Optical Mouse, 1000DPI, LED Tracking, Scrolling Wheel, Plug and Play",
        "Product Price": "₹309.00",
        "Category Name": "Electronics",
        "Available Images": "https://images-eu.ssl-images-amazon.com/images/I/51a1LryFTZS._AC_UL600_SR600,400_.jpg"
    },
    {
        "Product Name": "JioBharat V2 4G Phone with JioCinema, JioSaavn, Pay (UPI), Long Lasting Battery, LED Torch, Digital Camera | Blue | Locked for JioNetwork",
        "Product Price": "₹699.00",
        "Category Name": "Electronics",
        "Available Images": "https://images-eu.ssl-images-amazon.com/images/I/41-zK8rhPwL._AC_UL600_SR600,400_.jpg"
    },
    {
        "Product Name": "iQOO Z9 Lite 5G (Mocha Brown, 4GB RAM, 128GB Storage) | Dimensity 6300 5G | 50MP Sony AI Camera | Charger in The Box",
        "Product Price": "₹10,499.00",
        "Category Name": "Electronics",
        "Available Images": "https://images-eu.ssl-images-amazon.com/images/I/619VJYWIbXL._AC_UL600_SR600,400_.jpg"
    },
    {
        "Product Name": "OnePlus Nord CE4 Lite 5G (Mega Blue, 8GB RAM, 128GB Storage)",
        "Product Price": "₹17,999.00",
        "Category Name": "Electronics",
        "Available Images": "https://images-eu.ssl-images-amazon.com/images/I/5155PFA2N+L._AC_UL600_SR600,400_.jpg"
    },
    {
        "Product Name": "boAt Rockerz 450, 15 HRS Battery, 40mm Drivers, Padded Ear Cushions, Integrated Controls, Dual Modes, Bluetooth Headphones, Wireless Headphone with Mic (Luscious Black)",
        "Product Price": "₹1,499.00",
        "Category Name": "Electronics",
        "Available Images": "https://images-eu.ssl-images-amazon.com/images/I/51FNnHjzhQL._AC_UL600_SR600,400_.jpg"
    },
    {
        "Product Name": "HP v236w USB 2.0 64GB Pen Drive,",
        "Product Price": "₹399.00",
        "Category Name": "Electronics",
        "Available Images": "https://images-eu.ssl-images-amazon.com/images/I/61xNG4wjOuL._AC_UL600_SR600,400_.jpg"
    },
    {
        "Product Name": "iQOO Z9x 5G (Tornado Green, 4GB RAM, 128GB Storage) | Snapdragon 6 Gen 1 with 560k+ AnTuTu Score | 6000mAh Battery with 7.99mm Slim Design | 44W FlashCharge",
        "Product Price": "₹12,499.00",
        "Category Name": "Electronics",
        "Available Images": "https://images-eu.ssl-images-amazon.com/images/I/61wHkeTOhWL._AC_UL600_SR600,400_.jpg"
    },
    {
        "Product Name": "Boult Audio W20 Truly Wireless in Ear Earbuds with 35H Playtime, Zen™ ENC Mic, 45ms Low Latency, 13mm Bass Drivers, Type-C Fast Charging, Made in India, Touch Control, IPX5 ear buds TWS (Glacier Blue)",
        "Product Price": "₹849.00",
        "Category Name": "Electronics",
        "Available Images": "https://images-eu.ssl-images-amazon.com/images/I/710dy4BFjLL._AC_UL600_SR600,400_.jpg"
    },
    {
        "Product Name": "realme NARZO 70 Turbo 5G (Turbo Green,6GB RAM,128GB Storage) | Segment's Fastest Dimensity 7300 Energy 5G Chipset | Motorsports Inspired Design",
        "Product Price": "₹16,998.00",
        "Category Name": "Electronics",
        "Available Images": "https://images-eu.ssl-images-amazon.com/images/I/71GHoiLCpFL._AC_UL600_SR600,400_.jpg"
    },
    {
        "Product Name": "amazon basics Multi Angle Desktop Foldable Stand Tablet/Mobile Stand Holder for iPhone, Android, Samsung, OnePlus, Xiaomi, Smartphones. Portable, for Your Bed,Home, Office, Home (Black)",
        "Product Price": "₹99.00",
        "Category Name": "Electronics",
        "Available Images": "https://images-eu.ssl-images-amazon.com/images/I/61JsqY7bVdL._AC_UL600_SR600,400_.jpg"
    },
    {
        "Product Name": "boAt Rockerz 255 Pro+, 60HRS Battery, Fast Charge, IPX7, Dual Pairing, Low Latency, Magnetic Earbuds, Bluetooth Neckband, Wireless with Mic Earphones (Navy Blue)",
        "Product Price": "₹1,049.00",
        "Category Name": "Electronics",
        "Available Images": "https://images-eu.ssl-images-amazon.com/images/I/61HZLDc2ykL._AC_UL600_SR600,400_.jpg"
    },
    {
        "Product Name": "POCO C61 Ethereal Blue 4GB RAM 64GB ROM",
        "Product Price": "₹5,999.00",
        "Category Name": "Electronics",
        "Available Images": "https://images-eu.ssl-images-amazon.com/images/I/712tqhtIw1L._AC_UL600_SR600,400_.jpg"
    }
]